country_clean,I,II,III,total,pct_d1
ANGOLA,1,0,0,1,100
ARGENTINA,4,1,1,6,66.66666666666666
AUSTRALIA,124,40,2,166,74.69879518072288
AUSTRIA,2,0,0,2,100
BAHAMAS,0,1,1,2,0
BANGLADESH,0,0,1,1,0
BARBADOS,0,1,0,1,0
BELARUS,1,1,1,3,33.33333333333333
BELGIUM,3,0,0,3,100
BOSNIA AND HERZEGOVINA,2,1,0,3,66.66666666666666
BRAZIL,13,2,0,15,86.66666666666667
BULGARIA,3,0,0,3,100
CAMEROON,1,0,0,1,100
CANADA,113,29,9,151,74.83443708609272
CAPE VERDE,1,0,0,1,100
CHILE,2,0,0,2,100
CHINA,1,1,3,5,20
COLOMBIA,3,0,0,3,100
COSTA RICA,0,1,0,1,0
CROATIA,13,5,0,18,72.22222222222221
CYPRUS,1,0,1,2,50
CZECH REPUBLIC,6,2,0,8,75
DEMOCRATIC REPUBLIC OF THE CONGO,2,0,0,2,100
DENMARK,15,2,0,17,88.23529411764706
DOMINICAN REPUBLIC,2,0,0,2,100
ECUADOR,0,1,1,2,0
EGYPT,1,3,0,4,25
ESTONIA,4,1,0,5,80
FINLAND,11,1,0,12,91.66666666666666
FRANCE,26,8,1,35,74.28571428571429
FRENCH GUIANA,1,0,0,1,100
GERMANY,12,4,0,16,75
GREECE,21,0,2,23,91.30434782608695
HUNGARY,8,4,1,13,61.53846153846154
ICELAND,4,4,2,10,40
INDIA,2,0,2,4,50
IRELAND,4,6,1,11,36.36363636363637
ISRAEL,10,0,0,10,100
ITALY,8,6,3,17,47.05882352941176
JAMAICA,1,1,0,2,50
JAPAN,3,0,1,4,75
KENYA,2,0,1,3,66.66666666666666
KOSOVO,2,1,0,3,66.66666666666666
LATVIA,11,4,0,15,73.33333333333333
LEBANON,0,1,0,1,0
LITHUANIA,2,3,1,6,33.33333333333333
LUXEMBOURG,4,1,0,5,80
MACEDONIA,0,2,0,2,0
MALI,6,0,0,6,100
MALTA,0,1,0,1,0
MEXICO,2,4,2,8,25
MOLDOVA,0,0,1,1,0
MONTENEGRO,0,1,1,2,0
MOZAMBIQUE,3,2,0,5,60
NETHERLANDS,1,0,0,1,100
NEW ZEALAND,19,9,0,28,67.85714285714286
NIGERIA,16,3,0,19,84.21052631578947
NORTH MACEDONIA,0,1,0,1,0
NORTHERN IRELAND,2,0,0,2,100
NORWAY,4,3,2,9,44.44444444444444
PAPUA NEW GUINEA,0,2,0,2,0
PERU,1,0,0,1,100
POLAND,9,6,1,16,56.25
PORTUGAL,13,1,0,14,92.85714285714286
REPUBLIC OF GEORGIA,1,0,0,1,100
ROMANIA,3,0,1,4,75
RUSSIA,10,0,0,10,100
RWANDA,3,0,1,4,75
SCOTLAND,2,3,0,5,40
SENEGAL,6,0,1,7,85.71428571428571
SERBIA,6,2,0,8,75
SLOVAKIA,3,1,0,4,75
SOUTH AFRICA,0,1,0,1,0
SOUTH SUDAN,1,0,0,1,100
SPAIN,118,44,8,170,69.41176470588235
SURINAME,0,1,0,1,0
SWEDEN,29,16,0,45,64.44444444444444
SWITZERLAND,5,0,0,5,100
TAIWAN,1,0,2,3,33.33333333333333
THAILAND,0,0,1,1,0
THE NETHERLANDS,15,2,0,17,88.23529411764706
TURKEY,7,3,0,10,70
UGANDA,2,0,1,3,66.66666666666666
UKRAINE,0,1,0,1,0
UNITED KINGDOM,16,13,2,31,51.61290322580645
VENEZUELA,1,0,0,1,100
