ncaa_id,team,player_id,name,year,hometown,homestate,high_school,previous_school_clean,height_clean,position.x,jersey.x,url,season,team_state,conference,division,height_ft,height_in.x,total_inches,primary_position.x,secondary_position,position_clean,year_clean,redshirt,hs_clean,hometown_clean,state_clean,country_clean,hhs_team_id_text,location_name,hhs_person_id_text,league,end_year,season_type,season_num,height_in.y,position.y,primary_position.y,jersey.y
596,St. Bonaventure,4481,Flera Vinerte,Junior,Riga,Latvia,New Hope Academy,San Diego State,"6'2""",F,55,https://www.gobonnies.com/sports/womens-basketball/roster/flera-vinerte/4481,2022-23,NY,Atlantic 10,I,6,2,74,FORWARD,NA,FORWARD,Junior,0,New Hope Academy,"RIGA, LATVIA",NA,LATVIA,11E8E149-CB53-A562-AF82-12DF17AE4E1E,NA,NA,NA,NA,NA,NA,NA,NA,NA,NA
311,Iowa State,NA,Beatriz Jordão,Sr.,Pombal,Portugal,Quinta dos Lombos,NA,"6' 3""",C,25,https://www.cyclones.com/sports/womens-basketball/roster/beatriz-jordo/12046,2022-23,IA,Big 12,I,6,3,75,CENTER,NA,CENTER,Senior,0,Quinta dos Lombos,"POMBAL, PORTUGAL",NA,PORTUGAL,11E8E149-C88B-0E2E-AF82-12DF17AE4E1E,NA,NA,NA,NA,NA,NA,NA,NA,NA,NA
340,LaSalle,11509,Gabriela Falcão,Freshman,Figueira De Fox,Portugal,Joaquim De Carualho,NA,"6'4""",Center,20,https://www.goexplorers.com/sports/womens-basketball/roster/gabriela-falc-o/11509,2022-23,PA,Atlantic 10,I,6,4,76,CENTER,NA,CENTER,Freshman,0,Joaquim De Carualho,"FIGUEIRA DE FOX, PORTUGAL",NA,PORTUGAL,11E8E149-C8C8-415E-AF82-12DF17AE4E1E,NA,NA,NA,NA,NA,NA,NA,NA,NA,NA
381,Manhattan,9675,Leyla Ozturk,Junior,Berlin,Germany,Schiller-Gymnasium,NA,"6'1""",Forward,12,https://www.gojaspers.com/sports/womens-basketball/roster/leyla-ozturk/9675,2022-23,NY,MAAC,I,6,1,73,FORWARD,NA,FORWARD,Junior,0,Schiller-Gymnasium,"BERLIN, GERMANY",NA,GERMANY,11E8E149-C915-72BC-AF82-12DF17AE4E1E,NA,NA,NA,NA,NA,NA,NA,NA,NA,NA
579,Robert Morris,8626,Candela Rabadán Solis,Freshman,Madrid,Spain,Complejo Universitario Más Camarena,NA,"5'8""",Guard,11,https://www.rmucolonials.com/sports/womens-basketball/roster/candela-rabad-n-solis/8626,2022-23,PA,Horizon,I,5,8,68,GUARD,NA,GUARD,Freshman,0,Complejo Universitario Más Camarena,"MADRID, SPAIN",NA,SPAIN,11E8E149-CA9A-E36A-AF82-12DF17AE4E1E,NA,NA,NA,NA,NA,NA,NA,NA,NA,NA
164,UConn,12455,Nika Mühl,Junior,Zagreb,Croatia,NA,NA,"5'10""",Guard,10,https://www.uconnhuskies.com/sports/womens-basketball/roster/nika-m-hl/12455,2022-23,CT,Big East,I,5,10,70,GUARD,NA,GUARD,Junior,0,NA,"ZAGREB, CROATIA",NA,CROATIA,11E8E149-CBE7-6342-AF82-12DF17AE4E1E,NA,NA,NA,NA,NA,NA,NA,NA,NA,NA
164,UConn,12456,Lou Lopez Sénéchal,Graduate Student,Grenoble,France,"NABA Academy",Fairfield,"6'1""",Guard/Forward,11,https://www.uconnhuskies.com/sports/womens-basketball/roster/lou-lopezs-n-chal/12456,2022-23,CT,Big East,I,6,1,73,GUARD,FORWARD,GUARD/FORWARD,Graduate Student,0,"NABA Academy","GRENOBLE, FRANCE",NA,FRANCE,11E8E149-CBE7-6342-AF82-12DF17AE4E1E,NA,NA,NA,NA,NA,NA,NA,NA,NA,NA
164,UConn,12454,Dorka Juhász,Graduate Student,Pécs,Hungary,PTE Babits,Ohio State,"6'5""",Forward,14,https://www.uconnhuskies.com/sports/womens-basketball/roster/dorka-juh-sz/12454,2022-23,CT,Big East,I,6,5,77,FORWARD,NA,FORWARD,Graduate Student,0,PTE Babits,"PÉCS, HUNGARY",NA,HUNGARY,11E8E149-CBE7-6342-AF82-12DF17AE4E1E,NA,NA,NA,NA,NA,NA,NA,NA,NA,NA
164,UConn,12732,Inês Bettencourt,Freshman,São Miguel,Portugal,NA,NA,"5'9""",Guard,21,https://www.uconnhuskies.com/sports/womens-basketball/roster/ins-bettencourt/12732,2022-23,CT,Big East,I,5,9,69,GUARD,NA,GUARD,Freshman,0,NA,"SÃO MIGUEL, PORTUGAL",NA,PORTUGAL,11E8E149-CBE7-6342-AF82-12DF17AE4E1E,NA,NA,NA,NA,NA,NA,NA,NA,NA,NA
418,Michigan,23332,Izabel Varejão,Senior,Vitoria-Espirito Santo,Brazil,"Neuse Christian Academy (Raleigh, N.C.)",NA,"6'4""",Center,34,https://www.mgoblue.com/sports/womens-basketball/roster/izabel-varej-o/23332,2022-23,MI,Big Ten,I,6,4,76,CENTER,NA,CENTER,Senior,0,"Neuse Christian Academy (Raleigh, N.C.)","VITORIA ESPIRITO SANTO, BRAZIL",NA,BRAZIL,11E8E149-C947-13EE-AF82-12DF17AE4E1E,NA,NA,NA,NA,NA,NA,NA,NA,NA,NA
629,San Francisco,5115,Debora dos Santos,Redshirt Sophomore,Rio de Janeiro,Brazil,Wasatch Academy,South Plaines College,"6'0""",Forward,13,https://www.usfdons.com/sports/womens-basketball/roster/debora-dos-santos/5115,2022-23,CA,WCC,I,6,0,72,FORWARD,NA,FORWARD,Sophomore,1,Wasatch Academy,"RIO DE JANEIRO, BRAZIL",NA,BRAZIL,11E8E149-CAE2-F326-AF82-12DF17AE4E1E,NA,NA,NA,NA,NA,NA,NA,NA,NA,NA
629,San Francisco,5118,Aya Kéita,Sophomore,Györ,Hungary,Kazinczy Ferenc Grammar School,NA,"5'9""",Guard,20,https://www.usfdons.com/sports/womens-basketball/roster/aya-k-ita/5118,2022-23,CA,WCC,I,5,9,69,GUARD,NA,GUARD,Sophomore,0,Kazinczy Ferenc Grammar School,"GYÖR, HUNGARY",NA,HUNGARY,11E8E149-CAE2-F326-AF82-12DF17AE4E1E,NA,NA,NA,NA,NA,NA,NA,NA,NA,NA
732,Utah,13311,Inês Vieira,Sophomore,The Madeira Island,Portugal,NA,NA,"5'6""",Guard,2,https://www.utahutes.com/sports/womens-basketball/roster/in-ecircs-vieira/13311,2022-23,UT,Pac-12,I,5,6,66,GUARD,NA,GUARD,Sophomore,0,NA,"THE MADEIRA ISLAND, PORTUGAL",NA,PORTUGAL,11E8E149-CC30-DD7E-AF82-12DF17AE4E1E,NA,NA,NA,NA,NA,NA,NA,NA,NA,NA
732,Utah,13317,Néné Sow,Sophomore,Brussels,Belgium,NA,NA,"6'8""",Center,25,https://www.utahutes.com/sports/womens-basketball/roster/n-n-sow/13317,2022-23,UT,Pac-12,I,6,8,80,CENTER,NA,CENTER,Sophomore,0,NA,"BRUSSELS, BELGIUM",NA,BELGIUM,11E8E149-CC30-DD7E-AF82-12DF17AE4E1E,NA,NA,NA,NA,NA,NA,NA,NA,NA,NA
754,Washington State,12070,Cia Eklöf,Freshman,Helsinki,Finland,Mäkelänrinteen Lukio,Torpan Pojat,"5'10""",G,45,https://www.wsucougars.com/sports/womens-basketball/roster/cia-ekl-f/12070,2022-23,WA,Pac-12,I,5,10,70,GUARD,NA,GUARD,Freshman,0,Mäkelänrinteen Lukio,"HELSINKI, FINLAND",NA,FINLAND,11E8E149-CC69-38C2-AF82-12DF17AE4E1E,NA,NA,NA,NA,NA,NA,NA,NA,NA,NA
47,Ball State,10459,Hana Mühl,Freshman,Croatia,NA,NA,NA,"5'8""",NA,1,https://www.ballstatesports.com/sports/womens-basketball/roster/hana-m-hl/10459,2022-23,IN,MAC,I,5,8,68,NA,NA,NA,Freshman,0,NA,CROATIA,NA,CROATIA,11E8E149-C681-927E-AF82-12DF17AE4E1E,NA,NA,NA,NA,NA,NA,NA,NA,NA,NA
99,Long Beach State,5916,Casey Valenti Paea,Junior,Melbourne,Australia,Maribryon College,Buffalo,"5'9""",Guard,10,https://www.longbeachstate.com/sports/womens-basketball/roster/casey-valenti-paea/5916,2022-23,CA,Big West,I,5,9,69,GUARD,NA,GUARD,Junior,0,Maribryon College,"MELBOURNE, AUSTRALIA",NA,AUSTRALIA,11E8E149-C8ED-5E3A-AF82-12DF17AE4E1E,NA,NA,NA,NA,NA,NA,NA,NA,NA,NA
1320,Presbyterian College,5656,Tilda Sjökvist,Freshman,Huskvarna,Sweden,Sanda Gymnasiet,NA,"5'5""",Guard,4,https://www.gobluehose.com/sports/womens-basketball/roster/tilda-sj-kvist/5656,2022-23,SC,Big South,I,5,5,65,GUARD,NA,GUARD,Freshman,0,Sanda Gymnasiet,"HUSKVARNA, SWEDEN",NA,SWEDEN,11E8E149-CA68-0CBA-AF82-12DF17AE4E1E,NA,NA,NA,NA,NA,NA,NA,NA,NA,NA
1320,Presbyterian College,5660,Núria Cunill,Junior,Berga,Spain,Eastern Washington University,NA,"6'1""",Forward,22,https://www.gobluehose.com/sports/womens-basketball/roster/n-ria-cunill/5660,2022-23,SC,Big South,I,6,1,73,FORWARD,NA,FORWARD,Junior,0,Eastern Washington University,"BERGA, SPAIN",NA,SPAIN,11E8E149-CA68-0CBA-AF82-12DF17AE4E1E,NA,NA,NA,NA,NA,NA,NA,NA,NA,NA
81,Bryant,NA,Alejandra Ferreirós,Fr.,Madrid,Spain,Colegio Estudiantes,NA,6-1,F,31,https://www.bryantbulldogs.com/sports/wbkb/2022-23/bios/ferreiros_alejandra_ga4e,2022-23,RI,America East,I,6,1,73,FORWARD,NA,FORWARD,Freshman,0,Colegio Estudiantes,"MADRID, SPAIN",NA,SPAIN,11E8E149-C6DA-F0BC-AF82-12DF17AE4E1E,NA,NA,NA,NA,NA,NA,NA,NA,NA,NA
90,Cal Poly,8276,Nikola Kovacikova,Graduate Student,Levice,Slovakia,St. Vincent de Paul Levica,Penn,"5'10""",G,1,https://www.gopoly.com/sports/womens-basketball/roster/nikola-kovacikova/8276,2022-23,CA,Big West,I,5,10,70,GUARD,NA,GUARD,Graduate Student,0,St. Vincent de Paul Levica,"LEVICE, SLOVAKIA",NA,SLOVAKIA,11E8E149-C708-1C04-AF82-12DF17AE4E1E,NA,NA,NA,NA,NA,NA,NA,NA,NA,NA
94,Cal State Bakersfield,5434,Soli Herrera,Senior,Bani,Dominican Republic,NA,NA,"6'3""",Center,13,https://www.gorunners.com/sports/womens-basketball/roster/soli-herrera/5434,2022-23,CA,Big West,I,6,3,75,CENTER,NA,CENTER,Senior,0,NA,"BANI, DOMINICAN REPUBLIC",NA,DOMINICAN REPUBLIC,11E8E149-C6FF-5330-AF82-12DF17AE4E1E,NA,NA,NA,NA,NA,NA,NA,NA,NA,NA
48,Charleston Southern,4082,Alba Garcia,Freshman,Madrid,Spain,IES Ortega y Gasset,NA,"5'11""",Guard,11,https://www.csusports.com/sports/womens-basketball/roster/alba-garcia/4082,2022-23,SC,Big South,I,5,11,71,GUARD,NA,GUARD,Freshman,0,IES Ortega y Gasset,"MADRID, SPAIN",NA,SPAIN,11E8E149-C72B-4B70-AF82-12DF17AE4E1E,NA,NA,NA,NA,NA,NA,NA,NA,NA,NA
158,Columbia,17717,Noa Comesaña,Sophomore,Vigo,Spain,I.E.S. de Beade,NA,"6'1""",Forward/Center,33,https://www.gocolumbialions.com/sports/womens-basketball/roster/noa-comesa-a/17717,2022-23,NY,Ivy League,I,6,1,73,FORWARD,CENTER,FORWARD/CENTER,Sophomore,0,I.E.S. de Beade,"VIGO, SPAIN",NA,SPAIN,11E8E149-C75F-DCA0-AF82-12DF17AE4E1E,NA,NA,NA,NA,NA,NA,NA,NA,NA,NA
184,Detroit Mercy,6082,Ana Cabañas Llorens,Freshman,Algemesí,Spain,Jaume Viladoms,NA,"5'8""",Guard,11,https://www.detroittitans.com/sports/womens-basketball/roster/ana-caba-as-llorens/6082,2022-23,MI,Horizon,I,5,8,68,GUARD,NA,GUARD,Freshman,0,Jaume Viladoms,"ALGEMESÍ, SPAIN",NA,SPAIN,11E8E149-C790-B58C-AF82-12DF17AE4E1E,NA,NA,NA,NA,NA,NA,NA,NA,NA,NA
204,Eastern Michigan,14478,Elena Cabello,Freshman,Spain,NA,"IES Mediterraneo (Málaga, Spain)",NA,"6'0""",GUARD,13,https://www.emueagles.com/sports/womens-basketball/roster/elena-cabello/14478,2022-23,MI,MAC,I,6,0,72,GUARD,NA,GUARD,Freshman,0,"IES Mediterraneo (Málaga, Spain)",SPAIN,NA,SPAIN,11E8E149-C7B9-8DE0-AF82-12DF17AE4E1E,NA,NA,NA,NA,NA,NA,NA,NA,NA,NA
222,Fairleigh Dickinson,6564,Dominique García Blackwood,Freshman,Las Palmas de Gran Canaria,Spain,IES Los Tarahale,NA,"5'8""",Guard,10,https://www.fduknights.com/sports/womens-basketball/roster/dominique-garc-iacute-a-blackwood/6564,2022-23,NJ,NEC,I,5,8,68,GUARD,NA,GUARD,Freshman,0,IES Los Tarahale,"LAS PALMAS DE GRAN CANARIA, SPAIN",NA,SPAIN,11E8E149-C7D9-06DE-AF82-12DF17AE4E1E,NA,NA,NA,NA,NA,NA,NA,NA,NA,NA
222,Fairleigh Dickinson,6356,Dahomée Forgues,Senior,Saint-Jean-sur-Richelieu,"Quebec, Canada",Joséphine-Dandurand,Robert Morris,"5'8""",Guard,35,https://www.fduknights.com/sports/womens-basketball/roster/dahom-eacute-e-forgues/6356,2022-23,NJ,NEC,I,5,8,68,GUARD,NA,GUARD,Senior,0,Joséphine-Dandurand,"SAINT JEAN-SUR-RICHELIEU, QUEBEC, CANADA",NA,CANADA,11E8E149-C7D9-06DE-AF82-12DF17AE4E1E,NA,NA,NA,NA,NA,NA,NA,NA,NA,NA
97,Cal State Fullerton,NA,Nancy Panagiotopoulou-Andritsopoulou,Gr.,Athens,Greece,NA,NA,6-3,F,1,https://www.fullertontitans.com/sports/w-baskbl/2022-23/bios/panagiotopoulou-andritsopoulou_nancy_45po,2022-23,CA,Big West,I,6,3,75,FORWARD,NA,FORWARD,Graduate Student,0,NA,"ATHENS, GREECE",NA,GREECE,11E8E149-C70C-ABB6-AF82-12DF17AE4E1E,NA,NA,NA,NA,NA,NA,NA,NA,NA,NA
115,Campbell,9195,Gemma Núñez,Freshman,Almeria,Spain,I.E.S. Bahia de Almeria,NA,"5'7""",Guard,20,https://www.gocamels.com/sports/womens-basketball/roster/gemma-n-ez/9195,2022-23,NC,Big South,I,5,7,67,GUARD,NA,GUARD,Freshman,0,I.E.S. Bahia de Almeria,"ALMERIA, SPAIN",NA,SPAIN,11E8E149-C715-93AC-AF82-12DF17AE4E1E,NA,NA,NA,NA,NA,NA,NA,NA,NA,NA
115,Campbell,9191,Svenia Nürenberg,Senior,Bergem,Luxembourg,Sportlycee,NA,"5'11""",Forward,44,https://www.gocamels.com/sports/womens-basketball/roster/svenia-n-renberg/9191,2022-23,NC,Big South,I,5,11,71,FORWARD,NA,FORWARD,Senior,0,Sportlycee,"BERGEM, LUXEMBOURG",NA,LUXEMBOURG,11E8E149-C715-93AC-AF82-12DF17AE4E1E,NA,NA,NA,NA,NA,NA,NA,NA,NA,NA
116,Canisius,7367,Èlia Páez,Sophomore,Sabadell,Spain,CN Sabadell,NA,"5'9""",Guard,15,https://www.gogriffs.com/sports/womens-basketball/roster/-lia-p-ez/7367,2022-23,NY,MAAC,I,5,9,69,GUARD,NA,GUARD,Sophomore,0,CN Sabadell,"SABADELL, SPAIN",NA,SPAIN,11E8E149-C719-DEDA-AF82-12DF17AE4E1E,NA,NA,NA,NA,NA,NA,NA,NA,NA,NA
255,Georgia Tech,NA,Inés Noguero,Freshman,Gijón,Spain,Joaquim Blume,NA,5-9,Guard,22,https://www.ramblinwreck.com/sports/w-baskbl/roster/season/2022-23/ines-noguero-outeiral/,2022-23,GA,ACC,I,5,9,69,GUARD,NA,GUARD,Freshman,0,Joaquim Blume,"GIJÓN, SPAIN",NA,SPAIN,11E8E149-C81B-8450-AF82-12DF17AE4E1E,NA,NA,NA,NA,NA,NA,NA,NA,NA,NA
19651,High Point,9332,Anna Häger,Freshman,Gothenburg,Sweden,Lulea Gymnasieskola,NA,"6'0""",Guard,14,https://www.highpointpanthers.com/sports/womens-basketball/roster/anna-h-ger/9332,2022-23,NC,Big South,I,6,0,72,GUARD,NA,GUARD,Freshman,0,Lulea Gymnasieskola,"GOTHENBURG, SWEDEN",NA,SWEDEN,11E8E149-C843-2B5E-AF82-12DF17AE4E1E,NA,NA,NA,NA,NA,NA,NA,NA,NA,NA
361,Long Island,2743,Zoée Hache,Junior,Normandy,France,Victor Hugo,NA,"5'6""",Guard,2,https://www.liuathletics.com/sports/womens-basketball/roster/zo-e-hache/2743,2022-23,NY,NEC,I,5,6,66,GUARD,NA,GUARD,Junior,0,Victor Hugo,"NORMANDY, FRANCE",NA,FRANCE,11E8E149-C8BF-1C14-AF82-12DF17AE4E1E,NA,NA,NA,NA,NA,NA,NA,NA,NA,NA
361,Long Island,3328,Dia Dénes,Freshman,Budapest,Hungary,Szabó lorinc,NA,"6'1""",Forward,14,https://www.liuathletics.com/sports/womens-basketball/roster/dia-d-eacute-nes/3328,2022-23,NY,NEC,I,6,1,73,FORWARD,NA,FORWARD,Freshman,0,Szabó lorinc,"BUDAPEST, HUNGARY",NA,HUNGARY,11E8E149-C8BF-1C14-AF82-12DF17AE4E1E,NA,NA,NA,NA,NA,NA,NA,NA,NA,NA
369,Loyola-Maryland,11621,Laura Salmerón,Sophomore,Sant Andreu de Llavaneres,Spain,Institut Llavaneres,NA,"5'8""",Guard,15,https://www.loyolagreyhounds.com/sports/womens-basketball/roster/laura-salmer-oacute-n/11621,2022-23,MD,Patriot,I,5,8,68,GUARD,NA,GUARD,Sophomore,0,Institut Llavaneres,"SANT ANDREU DE LLAVANERES, SPAIN",NA,SPAIN,11E8E149-C908-3D4A-AF82-12DF17AE4E1E,NA,NA,NA,NA,NA,NA,NA,NA,NA,NA
410,Merrimack,11836,Lydia Melaschenko,Freshman,Ottawa,ON,Capital Courts Academy,NA,"5'7""",Guard,22,https://www.merrimackathletics.com/sports/womens-basketball/roster/lydia-melaschenko/11836,2022-23,MA,NEC,I,5,7,67,GUARD,NA,GUARD,Freshman,0,Capital Courts Academy,"OTTAWA, ON",NA,CANADA,11E8E149-D773-D4DE-987C-12DF17AE4E1E,NA,NA,NA,NA,NA,NA,NA,NA,NA,NA
472,New Mexico State,9046,Lucía Yenes,Freshman,Madrid,Spain,NA,NA,"6'0""",Forward,24,https://www.nmstatesports.com/sports/womens-basketball/roster/luc-a-yenes/9046,2022-23,NM,WAC,I,6,0,72,FORWARD,NA,FORWARD,Freshman,0,NA,"MADRID, SPAIN",NA,SPAIN,11E8E149-C9B5-D22A-AF82-12DF17AE4E1E,NA,NA,NA,NA,NA,NA,NA,NA,NA,NA
508,Northwestern State,8116,Gabrielle Robinson-Forde,Redshirt Freshman,Brampton,"Ontario, Canada",Turner Fenton Secondary,North Dakota State,"6'2""",Guard,14,https://www.nsudemons.com/sports/womens-basketball/roster/gabrielle-robinson-forde/8116,2022-23,LA,Southland,I,6,2,74,GUARD,NA,GUARD,Freshman,1,Turner Fenton Secondary,"BRAMPTON, ONTARIO, CANADA",NA,CANADA,11E8E149-C9FA-C934-AF82-12DF17AE4E1E,NA,NA,NA,NA,NA,NA,NA,NA,NA,NA
518,Ohio State,NA,Rebeka Mikulášiková,Senior,Nitra,Slovakia,Piaristické Gymnasium,NA,6-4,Forward,23,https://www.ohiostatebuckeyes.com/sports/w-baskbl/roster/season/2022-23/rebeka-mikulasikova/,2022-23,OH,Big Ten,I,6,4,76,FORWARD,NA,FORWARD,Senior,0,Piaristické Gymnasium,"NITRA, SLOVAKIA",NA,SLOVAKIA,11E8E149-CA1C-C6EC-AF82-12DF17AE4E1E,NA,NA,NA,NA,NA,NA,NA,NA,NA,NA
551,Portland,8006,Melika Samia,Freshman,Hawks Bay,New Zealand,Mount Maunganui College,NA,"5'9""",G,4,https://www.portlandpilots.com/sports/womens-basketball/roster/melika-samia/8006,2022-23,OR,WCC,I,5,9,69,GUARD,NA,GUARD,Freshman,0,Mount Maunganui College,"HAWKS BAY, NEW ZEALAND",NA,NEW ZEALAND,11E8E149-CA5A-96F2-AF82-12DF17AE4E1E,NA,NA,NA,NA,NA,NA,NA,NA,NA,NA
550,Portland State,5091,Sofía Llanos,Sophomore,Tarragona,Spain,Colegio Vedruna Sagrado Corazón,Marshall University,"6'0""",Guard/Forward,0,https://www.goviks.com/sports/womens-basketball/roster/sof-a-llanos/5091,2022-23,OR,Big Sky,I,6,0,72,GUARD,FORWARD,GUARD/FORWARD,Sophomore,0,Colegio Vedruna Sagrado Corazón,"TARRAGONA, SPAIN",NA,SPAIN,11E8E149-CA5F-30E0-AF82-12DF17AE4E1E,NA,NA,NA,NA,NA,NA,NA,NA,NA,NA
454,Murray State,9377,Julia Puente,Freshman,Barcelona,Spain,Col·legi Sagrada Família Sant Andreu,NA,"6'2""",Forward,4,https://www.goracers.com/sports/womens-basketball/roster/julia-puente/9377,2022-23,KY,MVC,I,6,2,74,FORWARD,NA,FORWARD,Freshman,0,Col·legi Sagrada Família Sant Andreu,"BARCELONA, SPAIN",NA,SPAIN,11E8E149-C988-F8E0-AF82-12DF17AE4E1E,NA,NA,NA,NA,NA,NA,NA,NA,NA,NA
606,Saint Joseph's (PA),6165,Julia Nyström,Sophomore,Lund,Sweden,IK Eos Lund,NA,"5'7""",Guard,5,https://www.sjuhawks.com/sports/womens-basketball/roster/julia-nystr-ouml-m/6165,2022-23,PA,Atlantic 10,I,5,7,67,GUARD,NA,GUARD,Sophomore,0,IK Eos Lund,"LUND, SWEDEN",NA,SWEDEN,11E8E149-CABF-31FC-AF82-12DF17AE4E1E,NA,NA,NA,NA,NA,NA,NA,NA,NA,NA
220,Fairfield,5698,Izabela Nicoletti Leite,Redshirt Junior,Americana,"Sao Paulo, Brazil",Neuse Christian Academy,Florida State,"5'10""",Guard,10,https://www.fairfieldstags.com/sports/womens-basketball/roster/izabela-nicoletti-leite/5698,2022-23,CT,MAAC,I,5,10,70,GUARD,NA,GUARD,Junior,1,Neuse Christian Academy,"AMERICANA, SAO PAULO, BRAZIL",NA,BRAZIL,11E8E149-C7D4-86AE-AF82-12DF17AE4E1E,NA,NA,NA,NA,NA,NA,NA,NA,NA,NA
109,UC Irvine,6095,Déja Lee,Sophomore,Surrey,British Columbia,Semiahmoo Secondary School,NA,"5'9""",Guard,13,https://www.ucirvinesports.com/sports/womens-basketball/roster/d-ja-lee/6095,2022-23,CA,Big West,I,5,9,69,GUARD,NA,GUARD,Sophomore,0,Semiahmoo Secondary School,"SURREY, BRITISH COLUMBIA",NA,CANADA,11E8E149-CBD1-C3B6-AF82-12DF17AE4E1E,NA,NA,NA,NA,NA,NA,NA,NA,NA,NA
2743,Incarnate Word,10424,Paloma Simón,Freshman,Alcobendas,"Madrid, Spain",Colegio Estudiantes Las Tablas,NA,"5'11""",Guard,12,https://www.uiwcardinals.com/sports/womens-basketball/roster/paloma-sim-n/10424,2022-23,TX,Southland,I,5,11,71,GUARD,NA,GUARD,Freshman,0,Colegio Estudiantes Las Tablas,"ALCOBENDAS, MADRID, SPAIN",NA,SPAIN,11E8E149-C874-F058-AF82-12DF17AE4E1E,NA,NA,NA,NA,NA,NA,NA,NA,NA,NA
391,UMBC,7619,Carmen Yánez,Freshman,Las Palmas de Gran Canaria,"Canary Islands, Spain",Institut Martí Dot (Barcelona),NA,"5'6""",Guard,15,https://www.umbcretrievers.com/sports/womens-basketball/roster/carmen-y-nez/7619,2022-23,MD,America East,I,5,6,66,GUARD,NA,GUARD,Freshman,0,Institut Martí Dot (Barcelona),"LAS PALMAS DE GRAN CANARIA, CANARY ISLANDS, SPAIN",NA,SPAIN,11E8E149-CBEF-715E-AF82-12DF17AE4E1E,NA,NA,NA,NA,NA,NA,NA,NA,NA,NA
1012,Chadron St.,8519,Molly Cockburn,Sophomore,Christchurch,New Zealand,Kaiapoi,Miles CC,"5'8""",Guard,2,https://www.chadroneagles.com/sports/womens-basketball/roster/molly-cockburn/8519,2022-23,NE,RMAC,II,5,8,68,GUARD,NA,GUARD,Sophomore,0,Kaiapoi,"CHRISTCHURCH, NEW ZEALAND",NA,NEW ZEALAND,11E8E149-D590-0DC2-987C-12DF17AE4E1E,NA,NA,NA,NA,NA,NA,NA,NA,NA,NA
19117,Salem (WV),3627,Anna Machytkova,Fr.,Prague,Czech Republic,NA,NA,"5'10""",G/F,11,https://www.salemtigers.com/sports/womens-basketball/roster/anna-machytkova/3627,2022-23,WV,DII Independent,II,5,10,70,GUARD,FORWARD,GUARD/FORWARD,Freshman,0,NA,"PRAGUE, CZECH REPUBLIC",NA,CZECH REPUBLIC,11E8E149-D8B4-C812-987C-12DF17AE4E1E,NA,NA,NA,NA,NA,NA,NA,NA,NA,NA
225,Ferrum,6786,Candela Pérez-Castellanos,Freshman,Madrid,Spain,CB Isaac Newton,NA,"5'6""",Guard,2,https://www.ferrumpanthers.com/sports/womens-basketball/roster/candela-p-rez-castellanos/6786,2022-23,VA,ODAC,III,5,6,66,GUARD,NA,GUARD,Freshman,0,CB Isaac Newton,"MADRID, SPAIN",NA,SPAIN,11E8E149-E9CC-EA58-9ABE-12DF17AE4E1E,NA,NA,NA,NA,NA,NA,NA,NA,NA,NA
241,Franklin Pierce,NA,Laia Llorente,Fr.,Madrid,Spain,IES Ortega y Gasset,NA,6-0,F,21,https://www.fpuravens.com/sports/wbkb/2022-23/bios/llorente_laia_xm7r,2022-23,NH,NE10,II,6,0,72,FORWARD,NA,FORWARD,Freshman,0,IES Ortega y Gasset,"MADRID, SPAIN",NA,SPAIN,11E8E149-D67F-8D20-987C-12DF17AE4E1E,NA,NA,NA,NA,NA,NA,NA,NA,NA,NA
259,Rowan,10535,Jenny Kjartansdóttir,Freshman,Grindavík,Iceland,Menntaskólinn í Reykjavík,NA,"5'10""",Forward,10,https://www.rowanathletics.com/sports/womens-basketball/roster/jenny-kjartansd-ttir/10535,2022-23,NJ,NJAC,III,5,10,70,FORWARD,NA,FORWARD,Freshman,0,Menntaskólinn í Reykjavík,"GRINDAVÍK, ICELAND",NA,ICELAND,11E8E149-ED51-0D62-9ABE-12DF17AE4E1E,NA,NA,NA,NA,NA,NA,NA,NA,NA,NA
2720,Colorado St.-Pueblo,8247,Teona Pop Stojanova,Junior,Skopje,Macedonia,NA,NA,"6'1""",Forward,34,https://www.gothunderwolves.com/sports/womens-basketball/roster/teona-pop-stojanova/8247,2022-23,CO,RMAC,II,6,1,73,FORWARD,NA,FORWARD,Junior,0,NA,"SKOPJE, MACEDONIA",NA,MACEDONIA,11E8E149-D5D4-917C-987C-12DF17AE4E1E,NA,NA,NA,NA,NA,NA,NA,NA,NA,NA
30028,Texas-Tyler,5638,Tina Machalova,Sophomore,Kosice,Slovakia,Young Angels Kosice,Boise State,"5'9""",G,13,https://www.uttylerpatriots.com/sports/womens-basketball/roster/tina-machalova/5638,2022-23,TX,Lone Star,II,5,9,69,GUARD,NA,GUARD,Sophomore,0,Young Angels Kosice,"KOSICE, SLOVAKIA",NA,SLOVAKIA,11E8E149-EE5F-0C2C-9ABE-12DF17AE4E1E,NA,NA,NA,NA,NA,NA,NA,NA,NA,NA
30028,Texas-Tyler,5639,Franzi Prinz,Sophomore,Leverkusen,Germany,Landrat-Lucas Gym,Stephen F. Austin,"6'2""",F,14,https://www.uttylerpatriots.com/sports/womens-basketball/roster/franzi-prinz/5639,2022-23,TX,Lone Star,II,6,2,74,FORWARD,NA,FORWARD,Sophomore,0,Landrat-Lucas Gym,"LEVERKUSEN, GERMANY",NA,GERMANY,11E8E149-EE5F-0C2C-9ABE-12DF17AE4E1E,NA,NA,NA,NA,NA,NA,NA,NA,NA,NA
30054,Newman,5785,Valerija Lioukina,Freshman,Daugavpils,Latvia,NA,NA,"6'1""",Center,32,https://www.newmanjets.com/sports/womens-basketball/roster/valerija-lioukina/5785,2022-23,KS,Mid-America Intercollegiate,II,6,1,73,CENTER,NA,CENTER,Freshman,0,NA,"DAUGAVPILS, LATVIA",NA,LATVIA,11E8E149-D7E0-A06E-987C-12DF17AE4E1E,NA,NA,NA,NA,NA,NA,NA,NA,NA,NA
30149,Point Loma,6415,Tavia Rowell,Junior,Langley,BC.,Walnut Grove / Hawaii Pacific,NA,"5'10""",Guard,30,https://www.plnusealions.com/sports/womens-basketball/roster/tavia-rowell/6415,2022-23,CA,PacWest,II,5,10,70,GUARD,NA,GUARD,Junior,0,Walnut Grove / Hawaii Pacific,"LANGLEY, BC",NA,CANADA,11E8E149-D864-83E8-987C-12DF17AE4E1E,NA,NA,NA,NA,NA,NA,NA,NA,NA,NA
315,Jacksonville St.,5371,Evangelia Davlakou,Freshman,Athens,Greece,Luella HS,NA,"5'5""",Guard,24,https://www.jsugamecocksports.com/sports/womens-basketball/roster/evangelia-davlakou/5371,2022-23,AL,ASUN,I,5,5,65,GUARD,NA,GUARD,Freshman,0,Luella HS,"ATHENS, GREECE",NA,GREECE,11E8E149-C899-5A60-AF82-12DF17AE4E1E,NA,NA,NA,NA,NA,NA,NA,NA,NA,NA
317,James Madison,17934,Kseniia Kozlova,Junior,Moscow,Russia,Montverde Academy (Fla.),Middle Tennessee,"6'4""",Center,32,https://www.jmusports.com/sports/womens-basketball/roster/kseniia-kozlova/17934,2022-23,VA,Sun Belt,I,6,4,76,CENTER,NA,CENTER,Junior,0,Montverde Academy (Fla.),"MOSCOW, RUSSIA",NA,RUSSIA,11E8E149-C89D-BB00-AF82-12DF17AE4E1E,NA,NA,NA,NA,NA,NA,NA,NA,NA,NA
494,North Dakota,11089,Miranda VanderWal,Redshirt Freshman,Strathroy,"Ont, Canada",Southwest Academy,NA,"6'7""",Center,33,https://www.fightinghawks.com/sports/womens-basketball/roster/miranda-vanderwal/11089,2022-23,ND,Summit League,I,6,7,79,CENTER,NA,CENTER,Freshman,1,Southwest Academy,"STRATHROY, ONT, CANADA",NA,CANADA,11E8E149-C9CF-EB6A-AF82-12DF17AE4E1E,NA,NA,NA,NA,NA,NA,NA,NA,NA,NA
584,Rollins,6357,Maise Evison,Freshman,Nottingham,England,Nottingham Academy,NA,"5'7""",G,4,https://www.rollinssports.com/sports/womens-basketball/roster/maise-evison/6357,2022-23,FL,Sunshine State,II,5,7,67,GUARD,NA,GUARD,Freshman,0,Nottingham Academy,"NOTTINGHAM, ENGLAND",NA,UNITED KINGDOM,11E8E149-D892-8482-987C-12DF17AE4E1E,NA,NA,NA,NA,NA,NA,NA,NA,NA,NA
584,Rollins,6349,Silvia Lasarte,Senior,Vitoria-Gasteiz,Spain,Olabide School,NA,"6'2""",F,33,https://www.rollinssports.com/sports/womens-basketball/roster/silvia-lasarte/6349,2022-23,FL,Sunshine State,II,6,2,74,FORWARD,NA,FORWARD,Senior,0,Olabide School,"VITORIA GASTEIZ, SPAIN",NA,SPAIN,11E8E149-D892-8482-987C-12DF17AE4E1E,NA,NA,NA,NA,NA,NA,NA,NA,NA,NA
608,Saint Leo,6782,Anastasiya Astapenka,Freshman,Minsk,Belarus,Linden Hall School for Girls,NA,"6'1""",Forward,33,https://www.saintleolions.com/sports/womens-basketball/roster/anastasiya-astapenka/6782,2022-23,FL,Sunshine State,II,6,1,73,FORWARD,NA,FORWARD,Freshman,0,Linden Hall School for Girls,"MINSK, BELARUS",NA,BELARUS,11E8E149-D8A3-C878-987C-12DF17AE4E1E,NA,NA,NA,NA,NA,NA,NA,NA,NA,NA
634,Seattle Pacific,3398,Chiara De Virgilio,Graduate Student,Rosario Santa Fe,Argentina,NA,NA,"5'7""",Guard,11,https://www.spufalcons.com/sports/womens-basketball/roster/chiara-de-virgilio/3398,2022-23,WA,Great Northwest,II,5,7,67,GUARD,NA,GUARD,Graduate Student,0,NA,"ROSARIO SANTA FE, ARGENTINA",NA,ARGENTINA,11E8E149-D8BE-7308-987C-12DF17AE4E1E,NA,NA,NA,NA,NA,NA,NA,NA,NA,NA
748,Wagner,13983,Angélie Ricard,Freshman,Orford,Quebec,Saint Jean Sur Richelieu,NA,"5'10""",G,14,https://www.wagnerathletics.com/sports/womens-basketball/roster/ang-lie-ricard/13983,2022-23,NY,NEC,I,5,10,70,GUARD,NA,GUARD,Freshman,0,Saint Jean Sur Richelieu,"ORFORD, QUEBEC",NA,CANADA,11E8E149-CC5C-30BE-AF82-12DF17AE4E1E,NA,NA,NA,NA,NA,NA,NA,NA,NA,NA
9004,Georgian Court,3681,Paula Perez-Fabregas,Freshman,Narón,Spain,Compañía de María Ferrol,NA,"5'8""",Guard,15,https://www.gculions.com/sports/womens-basketball/roster/paula-perez-fabregas/3681,2022-23,NJ,CACC,II,5,8,68,GUARD,NA,GUARD,Freshman,0,Compañía de María Ferrol,"NARÓN, SPAIN",NA,SPAIN,11E8E149-D695-A218-987C-12DF17AE4E1E,NA,NA,NA,NA,NA,NA,NA,NA,NA,NA
694,Tennessee,NA,Marta Suárez,R-So.,Oviedo,Spain,Joaquim Blume Institute,NA,"6' 3""",G/F,33,https://www.utsports.com/sports/womens-basketball/roster/marta-suaacuterez/17613,2022-23,TN,SEC,I,6,3,75,GUARD,FORWARD,GUARD/FORWARD,Sophomore,1,Joaquim Blume Institute,"OVIEDO, SPAIN",NA,SPAIN,11E8E149-CB7A-4F64-AF82-12DF17AE4E1E,NA,NA,NA,NA,NA,NA,NA,NA,NA,NA
234,Florida State,NA,SARA BEJEDI,Senior,Helsinki,Finland,NA,NA,"5'7""",Guard,4,https://seminoles.com/sports/w-basketball/roster/season/2022-23/sara-bejedi/,2022-23,FL,ACC,I,5,7,67,GUARD,NA,GUARD,Senior,0,NA,"HELSINKI, FINLAND",NA,FINLAND,11E8E149-C7EA-8B20-AF82-12DF17AE4E1E,NA,NA,NA,NA,NA,NA,NA,NA,NA,NA
234,Florida State,NA,MARIANA VALENZUELA,Sophomore,Mazatlán,Mexico,Montverde Academy,NA,"6'2""",Forward,5,https://seminoles.com/sports/w-basketball/roster/season/2022-23/mariana-valenzuela/,2022-23,FL,ACC,I,6,2,74,FORWARD,NA,FORWARD,Sophomore,0,Montverde Academy,"MAZATLÁN, MEXICO",NA,MEXICO,11E8E149-C7EA-8B20-AF82-12DF17AE4E1E,NA,NA,NA,NA,NA,NA,NA,NA,NA,NA
328,Kansas,NA,Zsófia Telegdy,Freshman,Budapest,Hungary,Trinity Christian HS,NA,"6'3""",Forward,23,https://kuathletics.com/sports/wbball/roster/season/2022-23/player/zsofia-telegdy/,2022-23,KS,Big 12,I,6,3,75,FORWARD,NA,FORWARD,Freshman,0,Trinity Christian HS,"BUDAPEST, HUNGARY",NA,HUNGARY,11E8E149-C8A2-269A-AF82-12DF17AE4E1E,NA,NA,NA,NA,NA,NA,NA,NA,NA,NA
248,George Mason,NA,Paula Suárez,So.,Pamplona,Spain,IES Mateo Hernandez,NA,"6' 0""",G,14,https://gomason.com/sports/womens-basketball/roster/paula-surez/7002,2022-23,VA,Atlantic 10,I,6,0,72,GUARD,NA,GUARD,Sophomore,0,IES Mateo Hernandez,"PAMPLONA, SPAIN",NA,SPAIN,11E8E149-C804-F4D8-AF82-12DF17AE4E1E,NA,NA,NA,NA,NA,NA,NA,NA,NA,NA
