"season","ncaa_id","team","name","jersey","column","old_value","new_value","action","batch_id","note","edited_at"
"2026-27","726","Navy","Isabela Grant","30","state_clean","","MD","set","20261003-135529-d54a","Added state and fixed country for Navy WBB player","2026-10-03T13:55:29"
"2026-27","726","Navy","Isabela Grant","30","country_clean","OWINGS MILLS","USA","set","20261003-135529-d54a","Added state and fixed country for Navy WBB player","2026-10-03T13:55:29"
"2026-27","726","Navy","Isabela Grant","30","homestate","","Maryland","set","20261003-135529-d54a","Added state and fixed country for Navy WBB player","2026-10-03T13:55:29"
"2026-27","65","Bloomsburg","Diamond Thornton","5","homestate","","PA","set","20261003-135958-1b00","fix state for Diamond Thornton","2026-10-03T13:59:58"
"2026-27","65","Bloomsburg","Diamond Thornton","5","state_clean","","PA","set","20261003-135958-1b00","fix state for Diamond Thornton","2026-10-03T13:59:58"
"2026-27","65","Bloomsburg","Diamond Thornton","5","country_clean","WILKES BARRE","USA","set","20261003-135958-1b00","fix state for Diamond Thornton","2026-10-03T13:59:58"
"2026-27","118","Carleton","Audrey Whitney","23","homestate","","MN","set","20261003-143013-3f78","multiple home state and country fixes","2026-10-03T14:30:13"
"2026-27","92","Cal St. Dom. Hills","Destiny Nichols","1","homestate","","CA","set","20261003-143013-3f78","multiple home state and country fixes","2026-10-03T14:30:13"
"2026-27","92","Cal St. Dom. Hills","Destiny Nichols","1","state_clean","","CA","set","20261003-143013-3f78","multiple home state and country fixes","2026-10-03T14:30:13"
"2026-27","92","Cal St. Dom. Hills","Destiny Nichols","1","country_clean","STOCKTON","USA","set","20261003-143013-3f78","multiple home state and country fixes","2026-10-03T14:30:13"
"2026-27","92","Cal St. Dom. Hills","Shanilah Ewing","4","state_clean","","CA","set","20261003-143013-3f78","multiple home state and country fixes","2026-10-03T14:30:13"
"2026-27","92","Cal St. Dom. Hills","Shanilah Ewing","4","country_clean","LYNWOOD","USA","set","20261003-143013-3f78","multiple home state and country fixes","2026-10-03T14:30:13"
"2026-27","92","Cal St. Dom. Hills","Kassidy Beach","15","state_clean","","CA","set","20261003-143013-3f78","multiple home state and country fixes","2026-10-03T14:30:13"
"2026-27","92","Cal St. Dom. Hills","Kassidy Beach","15","country_clean","LOS ALAMITOS","USA","set","20261003-143013-3f78","multiple home state and country fixes","2026-10-03T14:30:13"
"2026-27","92","Cal St. Dom. Hills","Kenya Craven","21","state_clean","","CA","set","20261003-143013-3f78","multiple home state and country fixes","2026-10-03T14:30:13"
"2026-27","92","Cal St. Dom. Hills","Kenya Craven","21","country_clean","DUBLIN","USA","set","20261003-143013-3f78","multiple home state and country fixes","2026-10-03T14:30:13"
"2026-27","92","Cal St. Dom. Hills","Norret Lewis","35","country_clean","SACRAMENTO","USA","set","20261003-143013-3f78","multiple home state and country fixes","2026-10-03T14:30:13"
"2026-27","92","Cal St. Dom. Hills","Norret Lewis","35","state_clean","","CA","set","20261003-143013-3f78","multiple home state and country fixes","2026-10-03T14:30:13"
"2026-27","104","UC Santa Barbara","Ava Albanese","21","homestate","","MO","set","20261003-143013-3f78","multiple home state and country fixes","2026-10-03T14:30:13"
"2026-27","104","UC Santa Barbara","Ava Albanese","21","state_clean","LA","MO","set","20261003-143013-3f78","multiple home state and country fixes","2026-10-03T14:30:13"
"2026-27","92","Cal St. Dom. Hills","Shanilah Ewing","4","homestate","","CA","set","20261003-143013-3f78","multiple home state and country fixes","2026-10-03T14:30:13"
"2026-27","92","Cal St. Dom. Hills","Kassidy Beach","15","homestate","","CA","set","20261003-143013-3f78","multiple home state and country fixes","2026-10-03T14:30:13"
"2026-27","92","Cal St. Dom. Hills","Kenya Craven","21","homestate","","CA","set","20261003-143013-3f78","multiple home state and country fixes","2026-10-03T14:30:13"
"2026-27","92","Cal St. Dom. Hills","Norret Lewis","35","homestate","","CA","set","20261003-143013-3f78","multiple home state and country fixes","2026-10-03T14:30:13"
"2026-27","150","Coe","Hannah Thierer","12","homestate","","IA","set","20261003-143013-3f78","multiple home state and country fixes","2026-10-03T14:30:13"
"2026-27","118","Carleton","Audrey Whitney","23","hometown_clean","ROCHESTER MINN","ROCHESTER","set","20261003-143013-3f78","multiple home state and country fixes","2026-10-03T14:30:13"
"2026-27","150","Coe","Hannah Thierer","12","hometown_clean","CEDAR RAPIDS IOWA","CEDAR RAPIDS","set","20261003-143013-3f78","multiple home state and country fixes","2026-10-03T14:30:13"
"2026-27","176","DePaul","Doyinsola Lijirin","33","country_clean","ONDO STATE NIGERIA","NIGERIA","set","20261003-143013-3f78","multiple home state and country fixes","2026-10-03T14:30:13"
"2026-27","186","Dist. Columbia","Aliyah Eason","0","hometown_clean","FORT WASHINGTON MARYLAND","FORT WASHINGTON","set","20261003-143013-3f78","multiple home state and country fixes","2026-10-03T14:30:13"
"2026-27","186","Dist. Columbia","Calista Gaymon","1","hometown_clean","PHILADELPHIA PA","PHILADELPHIA","set","20261003-143013-3f78","multiple home state and country fixes","2026-10-03T14:30:13"
"2026-27","235","Florida","Vivian Iwuchukwu","","country_clean","IMO STATE NIGERIA","NIGERIA","set","20261003-143013-3f78","multiple home state and country fixes","2026-10-03T14:30:13"
"2026-27","13","Albany St. (GA)","Taliah Grier","11","homestate","","GA","set","20261003-143013-3f78","multiple home state and country fixes","2026-10-03T14:30:13"
"2026-27","13","Albany St. (GA)","Taliah Grier","11","hometown_clean","MACON GA","MACON","set","20261003-143013-3f78","multiple home state and country fixes","2026-10-03T14:30:13"
"2026-27","105","Cal Lutheran","Eva Van Lorkeren","14","homestate","","CA","set","20261003-143013-3f78","multiple home state and country fixes","2026-10-03T14:30:13"
"2026-27","124","Catholic","Lia Villa","20","hometown","","Marlboro","set","20261003-143013-3f78","multiple home state and country fixes","2026-10-03T14:30:13"
"2026-27","124","Catholic","Lia Villa","20","homestate","","NJ","set","20261003-143013-3f78","multiple home state and country fixes","2026-10-03T14:30:13"
"2026-27","124","Catholic","Lia Villa","20","hometown_clean","","MARLBORO","set","20261003-143013-3f78","multiple home state and country fixes","2026-10-03T14:30:13"
"2026-27","124","Catholic","Lia Villa","20","state_clean","","NJ","set","20261003-143013-3f78","multiple home state and country fixes","2026-10-03T14:30:13"
"2026-27","124","Catholic","Lia Villa","20","country_clean","","USA","set","20261003-143013-3f78","multiple home state and country fixes","2026-10-03T14:30:13"
"2026-27","186","Dist. Columbia","Aliyah Eason","0","homestate","","MD","set","20261003-143013-3f78","multiple home state and country fixes","2026-10-03T14:30:13"
"2026-27","186","Dist. Columbia","Calista Gaymon","1","homestate","","PA","set","20261003-143013-3f78","multiple home state and country fixes","2026-10-03T14:30:13"
"2026-27","217","Emory","Whitney Hobson","","homestate","","NJ","set","20261003-143013-3f78","multiple home state and country fixes","2026-10-03T14:30:13"
"2026-27","217","Emory","Whitney Hobson","","hometown_clean","LITTLE SILVER NJ","LITTLE SILVER","set","20261003-143013-3f78","multiple home state and country fixes","2026-10-03T14:30:13"
"2026-27","299","Illinois State","Madison Young","22","high_school","Crestwood, Ky.","South Oldham HS","set","20261003-143013-3f78","multiple home state and country fixes","2026-10-03T14:30:13"
"2026-27","299","Illinois State","Madison Young","22","hometown","","Crestwood, Ky.","set","20261003-143013-3f78","multiple home state and country fixes","2026-10-03T14:30:13"
"2026-27","299","Illinois State","Madison Young","22","homestate","","KY","set","20261003-143013-3f78","multiple home state and country fixes","2026-10-03T14:30:13"
"2026-27","299","Illinois State","Madison Young","22","previous_school","South Oldham HS","","set","20261003-143013-3f78","multiple home state and country fixes","2026-10-03T14:30:13"
"2026-27","299","Illinois State","Madison Young","22","hs_clean","Crestwood, Ky.","South Oldham HS","set","20261003-143013-3f78","multiple home state and country fixes","2026-10-03T14:30:13"
"2026-27","299","Illinois State","Madison Young","22","hometown_clean","","CRESTWOOD","set","20261003-143013-3f78","multiple home state and country fixes","2026-10-03T14:30:13"
"2026-27","299","Illinois State","Madison Young","22","state_clean","","KY","set","20261003-143013-3f78","multiple home state and country fixes","2026-10-03T14:30:13"
"2026-27","299","Illinois State","Madison Young","22","country_clean","","USA","set","20261003-143013-3f78","multiple home state and country fixes","2026-10-03T14:30:13"
"2026-27","299","Illinois State","Madison Young","22","previous_school_clean","South Oldham HS","","set","20261003-143013-3f78","multiple home state and country fixes","2026-10-03T14:30:13"
"2026-27","299","Illinois State","Madison Young","22","high_school_standardized","Crestwood, Ky.","South Oldham","set","20261003-143013-3f78","multiple home state and country fixes","2026-10-03T14:30:13"
"2026-27","300","Ill. Wesleyan","Avery Braden","0","hometown","","Maroa, IL","set","20261003-143013-3f78","multiple home state and country fixes","2026-10-03T14:30:13"
"2026-27","300","Ill. Wesleyan","Avery Braden","0","homestate","","IL","set","20261003-143013-3f78","multiple home state and country fixes","2026-10-03T14:30:13"
"2026-27","300","Ill. Wesleyan","Avery Braden","0","hometown_clean","","MAROA","set","20261003-143013-3f78","multiple home state and country fixes","2026-10-03T14:30:13"
"2026-27","300","Ill. Wesleyan","Avery Braden","0","state_clean","","IL","set","20261003-143013-3f78","multiple home state and country fixes","2026-10-03T14:30:13"
"2026-27","300","Ill. Wesleyan","Avery Braden","0","country_clean","","USA","set","20261003-143013-3f78","multiple home state and country fixes","2026-10-03T14:30:13"
"2026-27","300","Ill. Wesleyan","Aubrey Lamberti","1","hometown","","Oswego, IL","set","20261003-143013-3f78","multiple home state and country fixes","2026-10-03T14:30:13"
"2026-27","300","Ill. Wesleyan","Aubrey Lamberti","1","homestate","","IL","set","20261003-143013-3f78","multiple home state and country fixes","2026-10-03T14:30:13"
"2026-27","300","Ill. Wesleyan","Aubrey Lamberti","1","state_clean","","IL","set","20261003-143013-3f78","multiple home state and country fixes","2026-10-03T14:30:13"
"2026-27","300","Ill. Wesleyan","Aubrey Lamberti","1","hometown_clean","","OSWEGO","set","20261003-143013-3f78","multiple home state and country fixes","2026-10-03T14:30:13"
"2026-27","300","Ill. Wesleyan","Aubrey Lamberti","1","country_clean","","USA","set","20261003-143013-3f78","multiple home state and country fixes","2026-10-03T14:30:13"
"2026-27","300","Ill. Wesleyan","Layne Nordstrom","3","hometown","","Lake Zurich, IL","set","20261003-143013-3f78","multiple home state and country fixes","2026-10-03T14:30:13"
"2026-27","300","Ill. Wesleyan","Layne Nordstrom","3","homestate","","IL","set","20261003-143013-3f78","multiple home state and country fixes","2026-10-03T14:30:13"
"2026-27","300","Ill. Wesleyan","Layne Nordstrom","3","state_clean","","IL","set","20261003-143013-3f78","multiple home state and country fixes","2026-10-03T14:30:13"
"2026-27","300","Ill. Wesleyan","Layne Nordstrom","3","country_clean","","USA","set","20261003-143013-3f78","multiple home state and country fixes","2026-10-03T14:30:13"
"2026-27","300","Ill. Wesleyan","Layne Nordstrom","3","hometown_clean","","LAKE ZURICH","set","20261003-143013-3f78","multiple home state and country fixes","2026-10-03T14:30:13"
"2026-27","300","Ill. Wesleyan","Olivia Corson","10","hometown","","Normal, IL","set","20261003-143013-3f78","multiple home state and country fixes","2026-10-03T14:30:13"
"2026-27","300","Ill. Wesleyan","Olivia Corson","10","homestate","","IL","set","20261003-143013-3f78","multiple home state and country fixes","2026-10-03T14:30:13"
"2026-27","300","Ill. Wesleyan","Bri Harms","12","hometown","","Bloomington, IL","set","20261003-143013-3f78","multiple home state and country fixes","2026-10-03T14:30:13"
"2026-27","300","Ill. Wesleyan","Bri Harms","12","homestate","","IL","set","20261003-143013-3f78","multiple home state and country fixes","2026-10-03T14:30:13"
"2026-27","300","Ill. Wesleyan","Olivia Corson","10","hometown_clean","","NORMAL","set","20261003-143013-3f78","multiple home state and country fixes","2026-10-03T14:30:13"
"2026-27","300","Ill. Wesleyan","Olivia Corson","10","state_clean","","IL","set","20261003-143013-3f78","multiple home state and country fixes","2026-10-03T14:30:13"
"2026-27","300","Ill. Wesleyan","Olivia Corson","10","country_clean","","USA","set","20261003-143013-3f78","multiple home state and country fixes","2026-10-03T14:30:13"
"2026-27","300","Ill. Wesleyan","Bri Harms","12","country_clean","","USA","set","20261003-143013-3f78","multiple home state and country fixes","2026-10-03T14:30:13"
"2026-27","300","Ill. Wesleyan","Bri Harms","12","hometown_clean","","BLOOMINGTON","set","20261003-143013-3f78","multiple home state and country fixes","2026-10-03T14:30:13"
"2026-27","300","Ill. Wesleyan","Bri Harms","12","state_clean","","IL","set","20261003-143013-3f78","multiple home state and country fixes","2026-10-03T14:30:13"
"2026-27","300","Ill. Wesleyan","Averie Wolfe","13","hometown","","Effingham, IL","set","20261003-143013-3f78","multiple home state and country fixes","2026-10-03T14:30:13"
"2026-27","300","Ill. Wesleyan","Averie Wolfe","13","homestate","","IL","set","20261003-143013-3f78","multiple home state and country fixes","2026-10-03T14:30:13"
"2026-27","300","Ill. Wesleyan","Averie Wolfe","13","state_clean","","IL","set","20261003-143013-3f78","multiple home state and country fixes","2026-10-03T14:30:13"
"2026-27","300","Ill. Wesleyan","Averie Wolfe","13","country_clean","","USA","set","20261003-143013-3f78","multiple home state and country fixes","2026-10-03T14:30:13"
"2026-27","300","Ill. Wesleyan","Averie Wolfe","13","hometown_clean","","EFFINGHAM","set","20261003-143013-3f78","multiple home state and country fixes","2026-10-03T14:30:13"
"2026-27","300","Ill. Wesleyan","Emily Currey","42","hometown","","Park Ridge, IL","set","20261003-143013-3f78","multiple home state and country fixes","2026-10-03T14:30:13"
"2026-27","300","Ill. Wesleyan","Emily Currey","42","homestate","","IL","set","20261003-143013-3f78","multiple home state and country fixes","2026-10-03T14:30:13"
"2026-27","300","Ill. Wesleyan","Emily Currey","42","state_clean","","IL","set","20261003-143013-3f78","multiple home state and country fixes","2026-10-03T14:30:13"
"2026-27","300","Ill. Wesleyan","Emily Currey","42","country_clean","","USA","set","20261003-143013-3f78","multiple home state and country fixes","2026-10-03T14:30:13"
"2026-27","300","Ill. Wesleyan","Emily Currey","42","hometown_clean","","PARK RIDGE","set","20261003-143013-3f78","multiple home state and country fixes","2026-10-03T14:30:13"
"2026-27","309","UIndy","Audrey Barron","20","hometown","","Madison, IL","set","20261003-143013-3f78","multiple home state and country fixes","2026-10-03T14:30:13"
"2026-27","309","UIndy","Audrey Barron","20","homestate","","IN","set","20261003-143013-3f78","multiple home state and country fixes","2026-10-03T14:30:13"
"2026-27","309","UIndy","Audrey Barron","20","hometown_clean","","MADISON","set","20261003-143013-3f78","multiple home state and country fixes","2026-10-03T14:30:13"
"2026-27","309","UIndy","Audrey Barron","20","state_clean","","IN","set","20261003-143013-3f78","multiple home state and country fixes","2026-10-03T14:30:13"
"2026-27","309","UIndy","Audrey Barron","20","country_clean","","USA","set","20261003-143013-3f78","multiple home state and country fixes","2026-10-03T14:30:13"
"2026-27","384","Mansfield","Addi Salus","30","homestate","","PA","set","20261003-143013-3f78","multiple home state and country fixes","2026-10-03T14:30:13"
"2026-27","413","MSU Denver","Nevaeh Millard","21","homestate","","CO","set","20261003-143013-3f78","multiple home state and country fixes","2026-10-03T14:30:13"
"2026-27","412","Methodist","Giavonna Dunlap","4","homestate","","NC","set","20261003-143013-3f78","multiple home state and country fixes","2026-10-03T14:30:13"
"2026-27","412","Methodist","Jamirica Everhardt","0","homestate","","NC","set","20261003-143013-3f78","multiple home state and country fixes","2026-10-03T14:30:13"
"2026-27","408","Mercyhurst","Julia Lewis","3","homestate","","NJ","set","20261003-143013-3f78","multiple home state and country fixes","2026-10-03T14:30:13"
"2026-27","413","MSU Denver","Nevaeh Millard","21","state_clean","","CO","set","20261003-143013-3f78","multiple home state and country fixes","2026-10-03T14:30:13"
"2026-27","413","MSU Denver","Nevaeh Millard","21","country_clean","DENVER","USA","set","20261003-143013-3f78","multiple home state and country fixes","2026-10-03T14:30:13"
"2026-27","414","Miami Ohio","Dominika Ullmann","9","country_clean","GDANSK POLAND","POLAND","set","20261003-143013-3f78","multiple home state and country fixes","2026-10-03T14:30:13"
"2026-27","551","Portland","Sara Mangan","1","state_clean","","OR","set","20261003-143013-3f78","multiple home state and country fixes","2026-10-03T14:30:13"
"2026-27","551","Portland","Sara Mangan","1","country_clean","BEAVERTON","USA","set","20261003-143013-3f78","multiple home state and country fixes","2026-10-03T14:30:13"
"2026-27","551","Portland","Pahlyss Hokianga","4","country_clean","HAWKE'S BAY","NEW ZEALAND","set","20261003-143013-3f78","multiple home state and country fixes","2026-10-03T14:30:13"
"2026-27","628","San Fran. St.","Kai'Lani Aoki","2","homestate","","CA","set","20261003-143013-3f78","multiple home state and country fixes","2026-10-03T14:30:13"
"2026-27","628","San Fran. St.","Deonna Mayfield","14","homestate","","CA","set","20261003-143013-3f78","multiple home state and country fixes","2026-10-03T14:30:13"
"2026-27","628","San Fran. St.","Deonna Mayfield","14","state_clean","","CA","set","20261003-143013-3f78","multiple home state and country fixes","2026-10-03T14:30:13"
"2026-27","628","San Fran. St.","Kai'Lani Aoki","2","state_clean","","CA","set","20261003-143013-3f78","multiple home state and country fixes","2026-10-03T14:30:13"
"2026-27","628","San Fran. St.","Kai'Lani Aoki","2","country_clean","SAN FRANCISCO","USA","set","20261003-143013-3f78","multiple home state and country fixes","2026-10-03T14:30:13"
"2026-27","628","San Fran. St.","Deonna Mayfield","14","country_clean","SAN FRANCISCO","USA","set","20261003-143013-3f78","multiple home state and country fixes","2026-10-03T14:30:13"
"2026-27","1346","St. Mary's (TX)","Kamryn Griffin","0","homestate","","TX","set","20261003-155255-5d08","fixed state and country records","2026-10-03T15:52:55"
"2026-27","1346","St. Mary's (TX)","Tiara Louis","2","homestate","","TX","set","20261003-155255-5d08","fixed state and country records","2026-10-03T15:52:55"
"2026-27","1346","St. Mary's (TX)","Rosanelly Pastrano","12","homestate","","TX","set","20261003-155255-5d08","fixed state and country records","2026-10-03T15:52:55"
"2026-27","1346","St. Mary's (TX)","Aaliyah Mancha","32","homestate","","TX","set","20261003-155255-5d08","fixed state and country records","2026-10-03T15:52:55"
"2026-27","1355","Schreiner","Gracie Garcia","3","homestate","","TX","set","20261003-155255-5d08","fixed state and country records","2026-10-03T15:52:55"
"2026-27","1346","St. Mary's (TX)","Aaliyah Mancha","32","state_clean","","TX","set","20261003-155255-5d08","fixed state and country records","2026-10-03T15:52:55"
"2026-27","1346","St. Mary's (TX)","Rosanelly Pastrano","12","state_clean","","TX","set","20261003-155255-5d08","fixed state and country records","2026-10-03T15:52:55"
"2026-27","1346","St. Mary's (TX)","Tiara Louis","2","state_clean","","TX","set","20261003-155255-5d08","fixed state and country records","2026-10-03T15:52:55"
"2026-27","1346","St. Mary's (TX)","Kamryn Griffin","0","state_clean","","TX","set","20261003-155255-5d08","fixed state and country records","2026-10-03T15:52:55"
"2026-27","1346","St. Mary's (TX)","Kamryn Griffin","0","country_clean","SAN ANTONIO","USA","set","20261003-155255-5d08","fixed state and country records","2026-10-03T15:52:55"
"2026-27","1346","St. Mary's (TX)","Tiara Louis","2","country_clean","SAN ANTONIO","USA","set","20261003-155255-5d08","fixed state and country records","2026-10-03T15:52:55"
"2026-27","1346","St. Mary's (TX)","Rosanelly Pastrano","12","country_clean","SAN ANTONIO","USA","set","20261003-155255-5d08","fixed state and country records","2026-10-03T15:52:55"
"2026-27","1346","St. Mary's (TX)","Aaliyah Mancha","32","country_clean","SAN ANTONIO","USA","set","20261003-155255-5d08","fixed state and country records","2026-10-03T15:52:55"
"2026-27","2810","St. Thomas (TX)","Jaya Johnson","7","state_clean","","TX","set","20261003-155255-5d08","fixed state and country records","2026-10-03T15:52:55"
"2026-27","2810","St. Thomas (TX)","Bari Parker","5","state_clean","","LA","set","20261003-155255-5d08","fixed state and country records","2026-10-03T15:52:55"
"2026-27","2810","St. Thomas (TX)","Bari Parker","5","country_clean","BATON ROUGE","USA","set","20261003-155255-5d08","fixed state and country records","2026-10-03T15:52:55"
"2026-27","2810","St. Thomas (TX)","Jaya Johnson","7","country_clean","HOUSTON","USA","set","20261003-155255-5d08","fixed state and country records","2026-10-03T15:52:55"
"2026-27","14927","Belmont","Samiya Jones","31","state_clean","","TN","set","20261003-155255-5d08","fixed state and country records","2026-10-03T15:52:55"
"2026-27","14927","Belmont","Samiya Jones","31","country_clean","MEMPHIS","USA","set","20261003-155255-5d08","fixed state and country records","2026-10-03T15:52:55"
"2026-27","30118","Dominican (CA)","Madison Gordon","15","state_clean","","AZ","set","20261003-155255-5d08","fixed state and country records","2026-10-03T15:52:55"
"2026-27","30118","Dominican (CA)","Madison Gordon","15","country_clean","PHOENIX","USA","set","20261003-155255-5d08","fixed state and country records","2026-10-03T15:52:55"
"2026-27","345","Lake Superior St.","Tia Glazier","11","country_clean","CAN","CANADA","set","20261003-155255-5d08","fixed state and country records","2026-10-03T15:52:55"
"2026-27","30154","Young Harris","Carmen Cabello-Rivera","3","country_clean","ANDALUCIA","SPAIN","set","20261003-155255-5d08","fixed state and country records","2026-10-03T15:52:55"
"2026-27","23157","Felician","Phoebe Richards","11","country_clean","AUSTRAILIA","AUSTRALIA","set","20261003-155255-5d08","fixed state and country records","2026-10-03T15:52:55"
"2026-27","30055","Cal St. Monterey Bay","Kitty White","3","country_clean","AUST","AUSTRALIA","set","20261003-155255-5d08","fixed state and country records","2026-10-03T15:52:55"
"2026-27","301","Illinois","Lana Brenjo","9","country_clean","BOSNIA","BOSNIA AND HERZEGOVINA","set","20261003-155255-5d08","fixed state and country records","2026-10-03T15:52:55"
"2026-27","345","Lake Superior St.","Mila Krasteva","32","country_clean","BGR","BULGARIA","set","20261003-155255-5d08","fixed state and country records","2026-10-03T15:52:55"
"2026-27","284","Hollins","Madilyn Stonebraker","24","state_clean","","CA","set","20261003-155255-5d08","fixed state and country records","2026-10-03T15:52:55"
"2026-27","284","Hollins","Madilyn Stonebraker","24","country_clean","CALF","USA","set","20261003-155255-5d08","fixed state and country records","2026-10-03T15:52:55"
"2026-27","22626","JWU (Providence)","Bethany Ebanks","15","country_clean","CAYMEN ISLANDS","CAYMAN ISLANDS","set","20261003-155255-5d08","fixed state and country records","2026-10-03T15:52:55"
"2026-27","563","Radford","Anna Chacha","2","country_clean","EAST AFRICA","TANZANIA","set","20261003-155255-5d08","fixed state and country records","2026-10-03T15:52:55"
"2026-27","738","Vermont","Arantxa Portalez","16","country_clean","ESPAÑA","SPAIN","set","20261003-155255-5d08","fixed state and country records","2026-10-03T15:52:55"
"2026-27","2696","Hawaii Pacific","Hailey Perez","5","state_clean","","HI","set","20261003-155255-5d08","fixed state and country records","2026-10-03T15:52:55"
"2026-27","2696","Hawaii Pacific","Kalysa Ng","21","state_clean","","HI","set","20261003-155255-5d08","fixed state and country records","2026-10-03T15:52:55"
"2026-27","2697","Hawaii Hilo","Faith Mersburgh","4","state_clean","","HI","set","20261003-155255-5d08","fixed state and country records","2026-10-03T15:52:55"
"2026-27","2697","Hawaii Hilo","Mikela Salazar-Harrell","12","state_clean","","HI","set","20261003-155255-5d08","fixed state and country records","2026-10-03T15:52:55"
"2026-27","2697","Hawaii Hilo","Pua‘ena Herrington","20","state_clean","","HI","set","20261003-155255-5d08","fixed state and country records","2026-10-03T15:52:55"
"2026-27","2697","Hawaii Hilo","Jaenie Sniffen","21","state_clean","","HI","set","20261003-155255-5d08","fixed state and country records","2026-10-03T15:52:55"
"2026-27","2697","Hawaii Hilo","Brooke Samura","23","state_clean","","HI","set","20261003-155255-5d08","fixed state and country records","2026-10-03T15:52:55"
"2026-27","2697","Hawaii Hilo","Kacie Febo-Santiago","25","state_clean","","HI","set","20261003-155255-5d08","fixed state and country records","2026-10-03T15:52:55"
"2026-27","2697","Hawaii Hilo","Tavina Harris","33","state_clean","","HI","set","20261003-155255-5d08","fixed state and country records","2026-10-03T15:52:55"
"2026-27","2697","Hawaii Hilo","Tavina Harris","33","country_clean","HAWAI‘I","USA","set","20261003-155255-5d08","fixed state and country records","2026-10-03T15:52:55"
"2026-27","2697","Hawaii Hilo","Kacie Febo-Santiago","25","country_clean","HAWAI‘I","USA","set","20261003-155255-5d08","fixed state and country records","2026-10-03T15:52:55"
"2026-27","2697","Hawaii Hilo","Brooke Samura","23","country_clean","HAWAI‘I","USA","set","20261003-155255-5d08","fixed state and country records","2026-10-03T15:52:55"
"2026-27","2697","Hawaii Hilo","Jaenie Sniffen","21","country_clean","HAWAI‘I","USA","set","20261003-155255-5d08","fixed state and country records","2026-10-03T15:52:55"
"2026-27","2697","Hawaii Hilo","Pua‘ena Herrington","20","country_clean","HAWAI‘I","USA","set","20261003-155255-5d08","fixed state and country records","2026-10-03T15:52:55"
"2026-27","2697","Hawaii Hilo","Mikela Salazar-Harrell","12","country_clean","HAWAI‘I","USA","set","20261003-155255-5d08","fixed state and country records","2026-10-03T15:52:55"
"2026-27","2697","Hawaii Hilo","Faith Mersburgh","4","country_clean","HAWAI‘I","USA","set","20261003-155255-5d08","fixed state and country records","2026-10-03T15:52:55"
"2026-27","2696","Hawaii Pacific","Kalysa Ng","21","country_clean","HAWAI‘I","USA","set","20261003-155255-5d08","fixed state and country records","2026-10-03T15:52:55"
"2026-27","2696","Hawaii Pacific","Hailey Perez","5","country_clean","HAWAI‘I","USA","set","20261003-155255-5d08","fixed state and country records","2026-10-03T15:52:55"
"2026-27","508","Northwestern State","Yaly Ben Harush","8","country_clean","IARAEL","ISRAEL","set","20261003-155255-5d08","fixed state and country records","2026-10-03T15:52:55"
"2026-27","86","Buffalo","Oyinkansola Soetan","42","country_clean","LAGOS","NIGERIA","set","20261003-155255-5d08","fixed state and country records","2026-10-03T15:52:55"
"2026-27","124","Catholic","Ryan Burden","12","state_clean","","KY","set","20261003-155255-5d08","fixed state and country records","2026-10-03T15:52:55"
"2026-27","124","Catholic","Ryan Burden","12","country_clean","KENT","USA","set","20261003-155255-5d08","fixed state and country records","2026-10-03T15:52:55"
"2026-27","345","Lake Superior St.","Madara Liepniece","24","country_clean","LVA","LATVIA","set","20261003-155255-5d08","fixed state and country records","2026-10-03T15:52:55"
"2026-27","369","Loyola-Maryland","Maddie Oliver","14","state_clean","","MA","set","20261003-155255-5d08","fixed state and country records","2026-10-03T15:52:55"
"2026-27","369","Loyola-Maryland","Maddie Oliver","14","country_clean","MASSACHUSETS","USA","set","20261003-155255-5d08","fixed state and country records","2026-10-03T15:52:55"
"2026-27","184","Detroit Mercy","Colleena Bryant","0","state_clean","","MI","set","20261003-155255-5d08","fixed state and country records","2026-10-03T15:52:55"
"2026-27","184","Detroit Mercy","Colleena Bryant","0","country_clean","MICH (SAINT MARY’S)","USA","set","20261003-155255-5d08","fixed state and country records","2026-10-03T15:52:55"
"2026-27","184","Detroit Mercy","Colleena Bryant","0","previous_school_clean","","St. Mary's","set","20261003-155255-5d08","fixed state and country records","2026-10-03T15:52:55"
"2026-27","11504","Queens (NC)","Makayla Minshall","11","country_clean","NEW SOUTH WALES","AUSTRALIA","set","20261003-155255-5d08","fixed state and country records","2026-10-03T15:52:55"
"2026-27","30124","Cedarville","Janiek Wesseling","3","country_clean","NL","NETHERLANDS","set","20261003-155255-5d08","fixed state and country records","2026-10-03T15:52:55"
"2026-27","306","Indiana","Zoe Jackson","30","country_clean","NSW AUSTRALIA","AUSTRALIA","set","20261003-155255-5d08","fixed state and country records","2026-10-03T15:52:55"
"2026-27","277","Hawaii","Jovi Lefotu","4","country_clean","O‘AHU","USA","set","20261003-155255-5d08","fixed state and country records","2026-10-03T15:52:55"
"2026-27","277","Hawaii","Jovi Lefotu","4","state_clean","","HI","set","20261003-155255-5d08","fixed state and country records","2026-10-03T15:52:55"
"2026-27","487","North Alabama","Phoebe Holmes","5","country_clean","QUEENSLAND","AUSTRALIA","set","20261003-155255-5d08","fixed state and country records","2026-10-03T15:52:55"
"2026-27","260","Gonzaga","Emmy Roach","4","country_clean","SOUTH AUSTRAILIA","AUSTRALIA","set","20261003-155255-5d08","fixed state and country records","2026-10-03T15:52:55"
"2026-27","1334","St. Edward's","Jasmine McKenzie","10","country_clean","VICTORIA AUSTRALIA","AUSTRALIA","set","20261003-155255-5d08","fixed state and country records","2026-10-03T15:52:55"
"2026-27","2755","Southwest Baptist","Carlota Aliaga Alonso","44","country_clean","VALENCIA","SPAIN","set","20261003-155255-5d08","fixed state and country records","2026-10-03T15:52:55"
"2026-27","774","Western Michigan","Isabella Miljkovic","22","country_clean","VANCOUVER","CANADA","set","20261003-155255-5d08","fixed state and country records","2026-10-03T15:52:55"
"2026-27","262","Grand Valley St.","Destiny Webster","4","state_clean","","WI","set","20261003-155255-5d08","fixed state and country records","2026-10-03T15:52:55"
"2026-27","262","Grand Valley St.","Destiny Webster","4","country_clean","WISH","USA","set","20261003-155255-5d08","fixed state and country records","2026-10-03T15:52:55"
"2026-27","133","Chaminade","Cayden Parado","0","state_clean","","HI","set","20261003-160517-6329","fixed countries","2026-10-03T16:05:17"
"2026-27","133","Chaminade","Julien Parado","1","state_clean","","HI","set","20261003-160517-6329","fixed countries","2026-10-03T16:05:17"
"2026-27","133","Chaminade","Ledjan Pahukoa","10","state_clean","","HI","set","20261003-160517-6329","fixed countries","2026-10-03T16:05:17"
"2026-27","133","Chaminade","Jordyn Luna","14","state_clean","","HI","set","20261003-160517-6329","fixed countries","2026-10-03T16:05:17"
"2026-27","133","Chaminade","Sienna Lamblack","20","state_clean","","HI","set","20261003-160517-6329","fixed countries","2026-10-03T16:05:17"
"2026-27","284","Hollins","Danny McCoy","35","country_clean","THE BAHAMAS","BAHAMAS","set","20261003-160517-6329","fixed countries","2026-10-03T16:05:17"
"2026-27","1400","Texas Lutheran","Simone Pryor","2","state_clean","","TX","set","20261003-161447-b522","state and country fixes","2026-10-03T16:14:47"
"2026-27","1400","Texas Lutheran","Simone Pryor","2","country_clean","","USA","set","20261003-161447-b522","state and country fixes","2026-10-03T16:14:47"
"2026-27","1400","Texas Lutheran","Simone Pryor","2","hometown_clean","","HELOTES","set","20261003-161447-b522","state and country fixes","2026-10-03T16:14:47"
"2026-27","1400","Texas Lutheran","Simone Pryor","2","high_school_standardized","O'Connor","Sandra Day O'Connor","set","20261003-161447-b522","state and country fixes","2026-10-03T16:14:47"
"2026-27","1400","Texas Lutheran","Noelisa Espinoza","14","hometown_clean","","SAN ANTONIO","set","20261003-161447-b522","state and country fixes","2026-10-03T16:14:47"
"2026-27","1400","Texas Lutheran","Noelisa Espinoza","14","state_clean","","TX","set","20261003-161447-b522","state and country fixes","2026-10-03T16:14:47"
"2026-27","1400","Texas Lutheran","Noelisa Espinoza","14","country_clean","","USA","set","20261003-161447-b522","state and country fixes","2026-10-03T16:14:47"
"2026-27","1400","Texas Lutheran","Hailey Martinez","21","state_clean","","TX","set","20261003-161447-b522","state and country fixes","2026-10-03T16:14:47"
"2026-27","1400","Texas Lutheran","Hailey Martinez","21","country_clean","","USA","set","20261003-161447-b522","state and country fixes","2026-10-03T16:14:47"
"2026-27","1400","Texas Lutheran","Hailey Martinez","21","hometown_clean","","CORPUS CHRISTI","set","20261003-161447-b522","state and country fixes","2026-10-03T16:14:47"
